full_name,email,phone_number
Angel Daniel,rmiller@boyer.com,(873)222-2692x09480
Matthew Wilson,matthew15@ramirez.com,(264)225-7425
Jennifer Phelps,echristian@hotmail.com,248.695.2117
Jonathan Cook,zjones@yahoo.com,0756633727
Lindsay Garcia,juliamatthews@carpenter.com,001-158-358-0277
Eric Klein,acostajoshua@hotmail.com,9179003714
Ashley Adams,elambert@cook.info,(224)273-1751x2329
Meghan Nguyen,hhughes@randolph-ingram.com,767.278.8207
Ryan Richards,phillipcarter@hotmail.com,001-398-345-1521x215
Janice Alexander,matthew55@leach-blackburn.com,+1-411-073-0697x704
Katherine Dunn,golson@davis.info,6081126986
Brett Odom,colemanjames@chavez.info,550.725.0901
Jenna Scott,rogerseric@hotmail.com,404-358-1223x371
Andrew Johns,lorinelson@hotmail.com,894-499-5852x2479
Christine Curtis,christopherferguson@acevedo-robertson.info,554.861.0493x592
Madison Jones,wattsdavid@morgan-wheeler.com,149.766.5747
Tracy Simmons,bryan30@williams.com,0383343588
Shelby Wolf,daniel46@gmail.com,7506854443
Kyle Jackson,pwheeler@yahoo.com,001-392-237-6541x8420
Linda Shepard,munozcharles@yahoo.com,2931087130
Kathleen Brady,victoria31@gmail.com,2253893664
Bobby Luna,kathryn43@hotmail.com,001-549-919-1859
Richard Lopez,justinallen@quinn.info,+1-418-560-8033x44588
Ralph Bush,bradleyamy@doyle.com,+1-866-778-9252x6524
David Webb,stevenrodriguez@gmail.com,993.305.1410
Kim Russell,cindy11@wood.com,001-136-251-3102x24346
Michael Holt,rmiller@hubbard-benitez.com,882-041-3572
Mr. Justin Cook,ofritz@richards.com,737.675.5823
Timothy Wood,christina78@yahoo.com,001-948-037-6474
Yolanda Hines,cscott@hotmail.com,(659)333-4905
Jasmine Kelly,fitzgeraldelizabeth@yahoo.com,843-277-1394
Robert Smith,smithtimothy@wallace.com,001-595-596-1706x9253
Jonathan Smith,debragriffin@hotmail.com,796.397.5185x7448
Erin Marshall,sethsmith@robinson.com,793.145.6997x893
Mark Ford,millerricardo@hotmail.com,+1-407-009-2402
Cynthia Lee,christinaflores@jones.org,+1-822-188-2029x6929
Sean Hood,cynthiaevans@hernandez.com,+1-348-069-6954x792
Kim Stephens,karen28@johnson.com,(092)586-3570x54204
Adam Mckinney,fwilliams@lewis-wu.org,813.559.4153x962
Valerie Brown,qmcgee@gmail.com,869.591.7228
Jason Pace,tjohnson@yahoo.com,001-517-371-6236x2223
Gregory Anderson,julie98@cortez.com,+1-282-173-3048x555
Rebecca Avila,pwilson@sanchez.com,773.248.1617
Morgan Leon,miranda94@yahoo.com,001-853-081-5933x565
Fernando Hunt,abigailkelly@johnson.net,5863279231
Jason Luna,rodriguezrhonda@yahoo.com,600.123.2569x570
Gregory Howell,david12@young.org,213-496-7129x11054
Miguel Sharp MD,sgeorge@ramos-acevedo.net,001-600-899-5324
Stephanie Acosta,joshuahenderson@pierce-ramos.com,001-365-629-8075x05840
Julia Davis,barkerbrent@berg-dougherty.com,674-440-7862
Amy Woods,paul38@byrd.info,2338512573
Julie Dunn,melissawebb@gmail.com,883-656-1878x6532
Nicole Mcdonald,frederickmarshall@evans.biz,+1-692-758-5774x3951
Jennifer Mendoza,susanchapman@gmail.com,203-605-2009x1103
Rachel Fisher,bgarcia@johnson.org,650-424-8808
Jorge Thomas,jason19@yahoo.com,921-668-1704x3013
Robert Hicks,powelllarry@hotmail.com,(335)290-8992
Terry Watson,kaiserwilliam@hotmail.com,(426)053-2668
Carlos Wood,hillwilliam@hotmail.com,440-516-4972x0722
Richard Weiss,carla37@gmail.com,521-212-3209x2220
Sarah Clark,wsanchez@christian.com,853.981.8171
Briana Wu,rachelsmith@frey.com,(177)732-3856x95766
Raven Jordan,rayalexa@yahoo.com,001-870-036-3211
Angelica Gibbs,yarnold@smith-bruce.com,+1-378-867-9488x99135
Tammy Jacobs,scottroger@gmail.com,227.597.0062
Michael Evans,steven80@yahoo.com,6777129275
Tony Pham,kendrapena@yahoo.com,001-094-782-5703
Miss Carrie Underwood,amy45@hotmail.com,0792914312
Ryan Russell,michael78@walters.com,001-266-212-7928x22281
Kimberly Bennett,smithmichelle@gmail.com,(083)724-9058x016
Joshua Neal,wheelerbrandon@hotmail.com,001-256-341-5493x0374
Robert Rodriguez,steven70@gmail.com,562-175-6225x4306
Blake Ford,wrightsally@hotmail.com,276-740-5323x764
Chad Garcia,john27@schaefer.com,(530)211-7419
Autumn Webb,davidreed@hotmail.com,907-357-6151x4325
Elizabeth Singleton,jeffreyhahn@dawson-myers.biz,173.672.3805
Sarah Thompson,williamchavez@yahoo.com,+1-444-121-3206x307
Sarah Martin,earllee@gmail.com,406-810-6283
Pamela Herrera,cardenasthomas@yahoo.com,539.557.9029
Shannon Horn,brian88@pitts-bush.com,(297)388-2854
Christopher Edwards,pmcclain@castro-humphrey.com,(204)535-1285x920
Brandon Hester,huertatracie@yahoo.com,836.687.2362x166
Mariah Jackson,eperry@wilson.com,(382)120-4674
Carol Lawson,joneskelsey@hotmail.com,783.291.2840
Heather Collins,thomashansen@hotmail.com,+1-960-564-8502x177
Joshua Delgado,greenbrandon@gmail.com,101-802-6501x00181
Jerry Greene,jay56@white-wiggins.com,(703)649-5080x4789
Connor Wagner,haley03@boyd-harris.com,0195959907
Marcia Randolph,huntrussell@smith.com,508.559.9292
John Price,daniel62@powell.com,546-202-9331x88558
Bill Hopkins,briannaweeks@gmail.com,288-662-8572
Ryan Harrison,carrie64@hotmail.com,001-320-723-6362x5909
Donald Young,stanleyhall@hotmail.com,929-112-6985x483
Louis Gilbert,pgreene@hotmail.com,461.203.7672x451
Marcus Martin,jamesjenkins@harmon-randall.com,+1-071-678-3536x79738
Sharon Ingram,seanbishop@yahoo.com,270.214.8473x8548
Kyle Martinez,haleronald@vargas-hernandez.info,676-110-6562x32575
Elizabeth Rodriguez,kathyrodriguez@thompson.biz,(677)161-5260x6354
Christopher Gomez,marcus34@hotmail.com,001-066-886-7181x1777
Brian Morton,garnold@bender-caldwell.com,+1-352-961-6835x0739
